<step title="Incoming Request" date="2026-01-12T00:02:49.195" instance="aa3938" url="/deploy?scmType=ExternalGit&amp;isAsync=true" method="POST" type="request" pid="771,1,22" Host="pec83.scm.azurewebsites.net" User-Agent="Azure-WebSites-Controller/106.0.7.121" Authorization="Bas..." Expect="100-continue" Content-Length="81" x-ms-request-id="49bcf500-1346-40b7-9e81-5014d095c940" X-ARR-LOG-ID="49bcf500-1346-40b7-9e81-5014d095c940" CLIENT-IP="20.206.176.11:18436" X-SITE-DEPLOYMENT-ID="PEC83" WAS-DEFAULT-HOSTNAME="pec83.scm.azurewebsites.net" X-MS-PLATFORM-INTERNAL="True" X-Forwarded-Proto="https" X-AppService-Proto="https" X-Forwarded-TlsVersion="1.3" X-WAWS-Unencoded-URL="/deploy?scmType=ExternalGit&amp;isAsync=true" X-Client-IP="20.206.176.11" X-Client-Port="18436" >
  <step title="FetchHandler" date="2026-01-12T00:02:49.306" >
    <step title="GitExeRepository.Initialize" date="2026-01-12T00:02:49.719" >
      <step title="Executing external process" date="2026-01-12T00:02:49.744" type="process" path="git" arguments="init" /><!-- duration: 1381ms -->
      <step title="Executing external process" date="2026-01-12T00:02:51.165" type="process" path="git" arguments="config core.autocrlf false" /><!-- duration: 325ms -->
      <step title="Executing external process" date="2026-01-12T00:02:51.540" type="process" path="git" arguments="config core.preloadindex true" /><!-- duration: 214ms -->
      <step title="Executing external process" date="2026-01-12T00:02:51.791" type="process" path="git" arguments="config user.name &quot;unknown&quot;" /><!-- duration: 188ms -->
      <step title="Executing external process" date="2026-01-12T00:02:52.022" type="process" path="git" arguments="config user.email &quot;unknown&quot;" /><!-- duration: 148ms -->
      <step title="Executing external process" date="2026-01-12T00:02:52.218" type="process" path="git" arguments="config filter.lfs.clean &quot;git-lfs clean %f&quot;" /><!-- duration: 163ms -->
      <step title="Executing external process" date="2026-01-12T00:02:52.391" type="process" path="git" arguments="config filter.lfs.smudge &quot;git-lfs smudge %f&quot;" /><!-- duration: 143ms -->
      <step title="Executing external process" date="2026-01-12T00:02:52.571" type="process" path="git" arguments="config filter.lfs.required true" /><!-- duration: 127ms -->
      <step title="Configure git server" date="2026-01-12T00:02:52.757" >
        <step title="Executing external process" date="2026-01-12T00:02:52.814" type="process" path="git" arguments="config receive.denyCurrentBranch ignore" /><!-- duration: 101ms -->
      </step><!-- duration: 162ms -->
      <step title="Create deny users for .git folder" date="2026-01-12T00:02:52.921" /><!-- duration: 32ms -->
      <step title="Configure git-credential" date="2026-01-12T00:02:52.957" >
        <step title="Executing external process" date="2026-01-12T00:02:53.041" type="process" path="git" arguments="config credential.helper &quot;!&apos;/home/site/repository/.git/hooks/git-credential-invalid.sh&apos;&quot;" /><!-- duration: 163ms -->
      </step><!-- duration: 283ms -->
      <step title="Setup post receive hook" date="2026-01-12T00:02:53.251" >
        <step title="Non-Windows enviroment, granting 755 permission to post-receive hook file" date="2026-01-12T00:02:53.323" /><!-- duration: 139ms -->
      </step><!-- duration: 222ms -->
    </step><!-- duration: 3761ms -->
    <step title="Executing external process" date="2026-01-12T00:02:53.498" type="process" path="git" arguments="log -n 1 master --" >
      <step title="Process dump" date="2026-01-12T00:02:53.596" exitCode="128" type="processOutput" /><!-- duration: 5ms -->
    </step><!-- duration: 111ms -->
  </step><!-- duration: 4315ms -->
  <step title="Outgoing response" date="2026-01-12T00:02:53.658" type="response" statusCode="409" statusText="Conflict" /><!-- duration: 9ms -->
</step><!-- duration: 4532ms -->
