<step title="Incoming Request" date="2026-01-13T23:57:04.604" instance="57cd1b" url="/api/scm" method="DELETE" type="request" pid="768,1,7" Host="pec83.scm.azurewebsites.net" User-Agent="Azure-WebSites-Controller/106.0.7.121" Authorization="Bas..." x-ms-request-id="77b4c55b-f7bc-44ff-9be8-c65962906093" X-ARR-LOG-ID="77b4c55b-f7bc-44ff-9be8-c65962906093" CLIENT-IP="20.206.176.11:20352" X-SITE-DEPLOYMENT-ID="PEC83" WAS-DEFAULT-HOSTNAME="pec83.scm.azurewebsites.net" X-MS-PLATFORM-INTERNAL="True" X-Forwarded-Proto="https" X-AppService-Proto="https" X-Forwarded-TlsVersion="1.3" X-WAWS-Unencoded-URL="/api/scm" X-Client-IP="20.206.176.11" X-Client-Port="20352" >
  <step title="Acquiring Deployment Lock" date="2026-01-13T23:57:04.634" /><!-- duration: 17ms -->
  <step title="Acquired Deployment Lock" date="2026-01-13T23:57:04.715" /><!-- duration: 7ms -->
  <step title="Deleting repository" date="2026-01-13T23:57:04.726" /><!-- duration: 456ms -->
  <step title="Delete auto swap lock file" date="2026-01-13T23:57:05.186" /><!-- duration: 7ms -->
  <step title="Deleting ssh key" date="2026-01-13T23:57:05.201" /><!-- duration: 67ms -->
  <step title="Updating initial deployment manifest" date="2026-01-13T23:57:05.278" /><!-- duration: 227ms -->
  <step title="Deleting deployment cache" date="2026-01-13T23:57:05.509" /><!-- duration: 73ms -->
  <step title="Releasing Deployment Lock" date="2026-01-13T23:57:05.594" /><!-- duration: 4ms -->
  <step title="Outgoing response" date="2026-01-13T23:57:05.709" type="response" statusCode="200" statusText="OK" /><!-- duration: 6ms -->
</step><!-- duration: 1114ms -->
