<step title="Incoming Request" date="2026-01-11T02:34:50.929" instance="aa3938" url="/api/zipdeploy?isAsync=true" method="POST" type="request" pid="769,1,7" Accept="*/*" Host="PEC83.scm.azurewebsites.net" User-Agent="curl/8.5.0" Authorization="Bas..." Expect="100-continue" Content-Length="7948587" X-ARR-LOG-ID="ec025e06-6e82-4afe-b5b0-c84aeda1a193" CLIENT-IP="20.169.72.162:52241" X-SITE-DEPLOYMENT-ID="PEC83" WAS-DEFAULT-HOSTNAME="pec83.scm.azurewebsites.net" X-Forwarded-Proto="https" X-AppService-Proto="https" X-Forwarded-TlsVersion="1.3" X-WAWS-Unencoded-URL="/api/zipdeploy?isAsync=true" X-Client-IP="20.169.72.162" X-Client-Port="52241" >
  <step title="Cleanup Xml Logs" date="2026-01-11T02:34:50.933" /><!-- duration: 8ms -->
  <step title="ZipPushDeploy" date="2026-01-11T02:34:51.010" >
    <step title="ZipDeploy. Extract zip." date="2026-01-11T02:34:51.020" /><!-- duration: 6ms -->
    <step title="None repository commit" date="2026-01-11T02:34:51.035" >
      <step title="Commit id: 49ef2d52-8189-45e1-8c67-a39da850f0f3" date="2026-01-11T02:34:51.039" Message="N/A" AuthorName="N/A" AuthorEmail="N/A" /><!-- duration: 5ms -->
    </step><!-- duration: 14ms -->
    <step title="Starting PushDeployAsync" date="2026-01-11T02:34:51.053" /><!-- duration: 5ms -->
    <step title="Writing artifact to /tmp/zipdeploy/8ca9245f-582c-4b4f-98d6-2cec358d4f28.zip" date="2026-01-11T02:34:51.141" >
      <step title="Writing multipart request body to /tmp/zipdeploy/8ca9245f-582c-4b4f-98d6-2cec358d4f28.zip" date="2026-01-11T02:34:51.150" /><!-- duration: 6ms -->
    </step><!-- duration: 1671ms -->
    <step title="Start deployment in the background" date="2026-01-11T02:34:52.837" >
      <step title="Acquiring Deployment Lock" date="2026-01-11T02:34:52.889" /><!-- duration: 5ms -->
      <step title="Acquired Deployment Lock" date="2026-01-11T02:34:52.931" /><!-- duration: 5ms -->
    </step><!-- duration: 232ms -->
  </step><!-- duration: 2066ms -->
  <step title="Outgoing response" date="2026-01-11T02:34:53.091" type="response" statusCode="202" statusText="Accepted" /><!-- duration: 5ms -->
</step><!-- duration: 2173ms -->
