<step title="Incoming Request" date="2026-01-14T00:56:44.854" instance="57cd1b" url="/api/publish?type=zip" method="POST" type="request" pid="777,1,29" Accept="*/*" Host="pec83.scm.azurewebsites.net" User-Agent="AZURECLI/2.81.0 (DEB)" Accept-Encoding="gzip, deflate" Authorization="Bas..." Cache-Control="no-cache" Content-Type="application/octet-stream" Cookie="ARRAffinity=57cd1b9bb672ec20a6552173796364458f0573917736609f30f0dcf32f0463a8; ARRAffinitySameSite=57cd1b9bb672ec20a6552173796364458f0573917736609f30f0dcf32f0463a8" Content-Length="7870703" x-ms-client-request-id="dc7002f8-f0e3-11f0-b4ff-70a8a51a3432" x-ms-artifact-checksum="37faa9fd900910b970b98582a074a84ecff366ea16be4a7debd80648c177813f" X-ARR-LOG-ID="dc7002f8-f0e3-11f0-b4ff-70a8a51a3432" CLIENT-IP="172.182.209.50:62401" X-SITE-DEPLOYMENT-ID="PEC83" WAS-DEFAULT-HOSTNAME="pec83.scm.azurewebsites.net" X-Forwarded-Proto="https" X-AppService-Proto="https" X-Forwarded-TlsVersion="1.3" X-WAWS-Unencoded-URL="/api/publish?type=zip" X-Client-IP="172.182.209.50" X-Client-Port="62401" >
  <step title="Cleanup Xml Logs" date="2026-01-14T00:56:44.874" /><!-- duration: 69ms -->
  <step title="OneDeploy" date="2026-01-14T00:56:45.792" >
    <step title="None repository commit" date="2026-01-14T00:56:45.925" >
      <step title="Commit id: 49f4ca20-4297-4d51-8b0e-4bacea0a52c0" date="2026-01-14T00:56:46.054" Message="N/A" AuthorName="N/A" AuthorEmail="N/A" /><!-- duration: 40ms -->
    </step><!-- duration: 220ms -->
    <step title="Starting PushDeployAsync" date="2026-01-14T00:56:46.244" /><!-- duration: 12ms -->
    <step title="Writing artifact to /tmp/zipdeploy/ce09869d-ecf4-4f06-87e9-1974943e2ee7.zip" date="2026-01-14T00:56:46.455" >
      <step title="Writing multipart request body to /tmp/zipdeploy/ce09869d-ecf4-4f06-87e9-1974943e2ee7.zip" date="2026-01-14T00:56:46.505" /><!-- duration: 11ms -->
    </step><!-- duration: 2657ms -->
    <step title="Attempting to fetch target branch HEAD" date="2026-01-14T00:56:49.362" /><!-- duration: 4ms -->
    <step title="Acquiring Deployment Lock" date="2026-01-14T00:56:49.381" /><!-- duration: 9ms -->
    <step title="Acquired Deployment Lock" date="2026-01-14T00:56:49.702" /><!-- duration: 41ms -->
    <step title="Performing fetch based deployment" date="2026-01-14T00:56:49.892" >
      <step title="Creating temporary deployment" date="2026-01-14T00:56:49.943" /><!-- duration: 544ms -->
      <step title="Releasing Deployment Lock" date="2026-01-14T00:56:53.737" /><!-- duration: 121ms -->
      <step title="Cleaning up temp folders from previous zip deployments and extracting pushed zip file /tmp/zipdeploy/ce09869d-ecf4-4f06-87e9-1974943e2ee7.zip (7.51 MB) to /tmp/zipdeploy/extracted" date="2026-01-14T00:56:54.269" >
        <step title="ChmodRecursive Process exited with total time taken in ms: 663" date="2026-01-14T00:57:19.336" /><!-- duration: 28ms -->
      </step><!-- duration: 25108ms -->
      <step title="None repository commit" date="2026-01-14T00:57:19.404" >
        <step title="Commit id: 49f4ca20-4297-4d51-8b0e-4bacea0a52c0" date="2026-01-14T00:57:19.417" Message="OneDeploy" AuthorName="N/A" AuthorEmail="N/A" /><!-- duration: 9ms -->
      </step><!-- duration: 31ms -->
      <step title="Deployment timer started" date="2026-01-14T00:57:21.528" >
        <step title="DeploymentManager.Deploy(id:49f4ca20-4297-4d51-8b0e-4bacea0a52c0)" date="2026-01-14T00:57:21.559" >
          <step title="Collecting changeset information" date="2026-01-14T00:57:21.619" /><!-- duration: 221ms -->
          <step title="Updating submodules" date="2026-01-14T00:57:21.859" /><!-- duration: 1431ms -->
          <step title="Determining deployment builder" date="2026-01-14T00:57:24.058" >
            <step title="Builder is OneDeployBuilder" date="2026-01-14T00:57:24.248" /><!-- duration: 31ms -->
          </step><!-- duration: 292ms -->
          <step title="PreDeployment: context.CleanOutputPath False" date="2026-01-14T00:57:24.548" >
            <step title="PreDeployment: context.OutputPath /home/site/wwwroot" date="2026-01-14T00:57:24.874" >
              <step title="Building" date="2026-01-14T00:57:25.294" >
                <step title="Executing external process" date="2026-01-14T00:57:27.599" type="process" path="starter.sh" arguments="/opt/Kudu/Scripts/parallel_rsync.sh /tmp/zipdeploy/extracted /home/site/wwwroot 8 /tmp/ False False  " 