<step title="Incoming Request" date="2026-01-17T21:11:03.739" instance="57cd1b" url="/api/publish?type=zip" method="POST" type="request" pid="772,1,69" Accept="*/*" Host="pec83.scm.azurewebsites.net" User-Agent="AZURECLI/2.81.0 (DEB)" Accept-Encoding="gzip, deflate" Authorization="Bas..." Cache-Control="no-cache" Content-Type="application/octet-stream" Cookie="ARRAffinity=57cd1b9bb672ec20a6552173796364458f0573917736609f30f0dcf32f0463a8; ARRAffinitySameSite=57cd1b9bb672ec20a6552173796364458f0573917736609f30f0dcf32f0463a8" Content-Length="12316336" x-ms-client-request-id="ff98020a-f3e8-11f0-b2c9-7c1e52b327b0" x-ms-artifact-checksum="dd6d18961d46b2977e78589d8d3484abdf26c1e81099b85bba8f2f9191b56f66" X-ARR-LOG-ID="ff98020a-f3e8-11f0-b2c9-7c1e52b327b0" CLIENT-IP="145.132.102.224:31745" X-SITE-DEPLOYMENT-ID="PEC83" WAS-DEFAULT-HOSTNAME="pec83.scm.azurewebsites.net" X-Forwarded-Proto="https" X-AppService-Proto="https" X-Forwarded-TlsVersion="1.3" X-WAWS-Unencoded-URL="/api/publish?type=zip" X-Client-IP="145.132.102.224" X-Client-Port="31745" >
  <step title="OneDeploy" date="2026-01-17T21:11:04.025" >
    <step title="None repository commit" date="2026-01-17T21:11:04.049" >
      <step title="Commit id: bf2c7e49-af00-424a-af7b-d3f35de6a6b3" date="2026-01-17T21:11:04.054" Message="N/A" AuthorName="N/A" AuthorEmail="N/A" /><!-- duration: 3ms -->
    </step><!-- duration: 10ms -->
    <step title="Starting PushDeployAsync" date="2026-01-17T21:11:04.062" /><!-- duration: 2ms -->
    <step title="Writing artifact to /tmp/zipdeploy/dd5ac4d9-0b52-4c60-996b-007da6160ba4.zip" date="2026-01-17T21:11:04.129" >
      <step title="Writing multipart request body to /tmp/zipdeploy/dd5ac4d9-0b52-4c60-996b-007da6160ba4.zip" date="2026-01-17T21:11:04.134" /><!-- duration: 30ms -->
    </step><!-- duration: 1112ms -->
    <step title="Attempting to fetch target branch HEAD" date="2026-01-17T21:11:05.251" /><!-- duration: 2ms -->
    <step title="Acquiring Deployment Lock" date="2026-01-17T21:11:05.270" /><!-- duration: 2ms -->
    <step title="Acquired Deployment Lock" date="2026-01-17T21:11:05.422" /><!-- duration: 3ms -->
    <step title="Performing fetch based deployment" date="2026-01-17T21:11:05.430" >
      <step title="Creating temporary deployment" date="2026-01-17T21:11:05.443" /><!-- duration: 170ms -->
      <step title="Releasing Deployment Lock" date="2026-01-17T21:11:06.855" /><!-- duration: 6ms -->
      <step title="Cleaning up temp folders from previous zip deployments and extracting pushed zip file /tmp/zipdeploy/dd5ac4d9-0b52-4c60-996b-007da6160ba4.zip (11.75 MB) to /tmp/zipdeploy/extracted" date="2026-01-17T21:11:06.911" >
        <step title="ChmodRecursive Process exited with total time taken in ms: 681" date="2026-01-17T21:11:13.162" /><!-- duration: 2ms -->
      </step><!-- duration: 6270ms -->
      <step title="None repository commit" date="2026-01-17T21:11:13.191" >
        <step title="Commit id: bf2c7e49-af00-424a-af7b-d3f35de6a6b3" date="2026-01-17T21:11:13.193" Message="OneDeploy" AuthorName="N/A" AuthorEmail="N/A" /><!-- duration: 2ms -->
      </step><!-- duration: 5ms -->
      <step title="Deployment timer started" date="2026-01-17T21:11:15.206" >
        <step title="DeploymentManager.Deploy(id:bf2c7e49-af00-424a-af7b-d3f35de6a6b3)" date="2026-01-17T21:11:15.209" >
          <step title="Collecting changeset information" date="2026-01-17T21:11:15.232" /><!-- duration: 117ms -->
          <step title="Updating submodules" date="2026-01-17T21:11:15.352" /><!-- duration: 1193ms -->
          <step title="Determining deployment builder" date="2026-01-17T21:11:16.769" >
            <step title="Builder is OneDeployBuilder" date="2026-01-17T21:11:16.786" /><!-- duration: 2ms -->
          </step><!-- duration: 22ms -->
          <step title="PreDeployment: context.CleanOutputPath False" date="2026-01-17T21:11:16.837" >
            <step title="PreDeployment: context.OutputPath /home/site/wwwroot" date="2026-01-17T21:11:16.940" >
              <step title="Building" date="2026-01-17T21:11:17.089" >
                <step title="Executing external process" date="2026-01-17T21:11:17.560" type="process" path="starter.sh" arguments="/opt/Kudu/Scripts/parallel_rsync.sh /tmp/zipdeploy/extracted /home/site/wwwroot 8 /tmp/ False False  " /><!-- duration: 27829ms -->
                <step title="Modified file to trigger a restart of the app container." date="2026-01-17T21:11:45.918" /><!-- duration: 2ms -->
                <step title="Skip function trigger and logicapp sync because function is not enabled." date="2026-01-17T21:11:45.932" /><!-- duration: 2ms -->
                <step title="Purge deployment items" date="2026-01-17T21:11:46.726" >
                  <step title="Remove 4f39e361-, Failed, received at 01/14/2026 02:41:24" date="2026-01-17T21:11:46.807" /><!-- duration: 2ms -->
                </step><!-- duration: 84ms -->
              </step><!-- duration: 29800ms -->
            </step><!-- duration: 29952ms -->
            <step title="Cleaning up temp files" date="2026-01-17T21:11:46.893" /><!-- duration: 3ms -->
            <step title="Cleaning up temp files" date="2026-01-17T21:11:46.907" /><!-- duration: 507ms -->
            <step title="Reloading status file with latest updates" date="2026-01-17T21:11:47.433" >
              <step title="WebHooksManager.PublishEventAsync: PostDeployment" date="2026-01-17T21:11:47.441" /><!-- duration: 80ms -->
            </step><!-- duration: 90ms -->
            <step title="Cleaning up temporary deployment - fetch deployment was successful" date="2026-01-17T21:11:47.526" /><!-- duration: 1ms -->
          </step><!-- duration: 30763ms -->
        </step><!-- duration: 32398ms -->
        <step title="Outgoing response" date="2026-01-17T21:11:47.646" type="response" statusCode="200" statusText="OK" /><!-- duration: 9ms -->
      </step><!-- duration: 32451ms -->
