<step title="Incoming Request" date="2026-01-14T01:45:43.462" instance="57cd1b" url="/api/publish?type=zip" method="POST" type="request" pid="772,1,25" Accept="*/*" Host="pec83.scm.azurewebsites.net" User-Agent="AZURECLI/2.81.0 (DEB)" Accept-Encoding="gzip, deflate" Authorization="Bas..." Cache-Control="no-cache" Content-Type="application/octet-stream" Cookie="ARRAffinity=57cd1b9bb672ec20a6552173796364458f0573917736609f30f0dcf32f0463a8; ARRAffinitySameSite=57cd1b9bb672ec20a6552173796364458f0573917736609f30f0dcf32f0463a8" Content-Length="7870708" x-ms-client-request-id="b2a856ee-f0ea-11f0-b4ff-000d3a3723f5" x-ms-artifact-checksum="97de025b94c89ba2a53b7e4e03e8c6e1dbf58bd5631b18753c78d045fdb23bde" X-ARR-LOG-ID="b2a856ee-f0ea-11f0-b4ff-000d3a3723f5" CLIENT-IP="52.238.26.246:14337" X-SITE-DEPLOYMENT-ID="PEC83" WAS-DEFAULT-HOSTNAME="pec83.scm.azurewebsites.net" X-Forwarded-Proto="https" X-AppService-Proto="https" X-Forwarded-TlsVersion="1.3" X-WAWS-Unencoded-URL="/api/publish?type=zip" X-Client-IP="52.238.26.246" X-Client-Port="14337" >
  <step title="OneDeploy" date="2026-01-14T01:45:43.593" >
    <step title="Starting PushDeployAsync" date="2026-01-14T01:45:43.604" /><!-- duration: 6ms -->
    <step title="Writing artifact to /tmp/zipdeploy/595a0540-01c9-44dc-862f-74230802aef2.zip" date="2026-01-14T01:45:43.631" >
      <step title="Writing multipart request body to /tmp/zipdeploy/595a0540-01c9-44dc-862f-74230802aef2.zip" date="2026-01-14T01:45:43.651" /><!-- duration: 9ms -->
    </step><!-- duration: 1560ms -->
    <step title="Attempting to fetch target branch HEAD" date="2026-01-14T01:45:45.229" /><!-- duration: 10ms -->
    <step title="Acquiring Deployment Lock" date="2026-01-14T01:45:45.250" /><!-- duration: 10ms -->
    <step title="Acquired Deployment Lock" date="2026-01-14T01:45:45.296" /><!-- duration: 12ms -->
    <step title="Performing fetch based deployment" date="2026-01-14T01:45:45.339" >
      <step title="Creating temporary deployment" date="2026-01-14T01:45:45.369" /><!-- duration: 140ms -->
      <step title="Releasing Deployment Lock" date="2026-01-14T01:45:46.732" /><!-- duration: 6ms -->
      <step title="Cleaning up temp folders from previous zip deployments and extracting pushed zip file /tmp/zipdeploy/595a0540-01c9-44dc-862f-74230802aef2.zip (7.51 MB) to /tmp/zipdeploy/extracted" date="2026-01-14T01:45:46.843" >
        <step title="ChmodRecursive Process exited with total time taken in ms: 249" date="2026-01-14T01:45:52.979" /><!-- duration: 2ms -->
      </step><!-- duration: 6143ms -->
      <step title="None repository commit" date="2026-01-14T01:45:52.990" >
        <step title="Commit id: e03b6b54-a0f8-402d-be54-6e1a9eab04b6" date="2026-01-14T01:45:52.993" Message="OneDeploy" AuthorName="N/A" AuthorEmail="N/A" /><!-- duration: 3ms -->
      </step><!-- duration: 9ms -->
      <step title="Deployment timer started" date="2026-01-14T01:45:55.005" >
        <step title="DeploymentManager.Deploy(id:e03b6b54-a0f8-402d-be54-6e1a9eab04b6)" date="2026-01-14T01:45:55.009" >
          <step title="Collecting changeset information" date="2026-01-14T01:45:55.036" /><!-- duration: 196ms -->
          <step title="Updating submodules" date="2026-01-14T01:45:55.238" /><!-- duration: 1130ms -->
          <step title="Determining deployment builder" date="2026-01-14T01:45:56.693" >
            <step title="Builder is OneDeployBuilder" date="2026-01-14T01:45:56.704" /><!-- duration: 7ms -->
          </step><!-- duration: 22ms -->
          <step title="PreDeployment: context.CleanOutputPath False" date="2026-01-14T01:45:56.780" >
            <step title="PreDeployment: context.OutputPath /home/site/wwwroot" date="2026-01-14T01:45:56.915" >
              <step title="Building" date="2026-01-14T01:45:57.112" >
                <step title="Executing external process" date="2026-01-14T01:45:57.686" type="process" path="starter.sh" arguments="/opt/Kudu/Scripts/parallel_rsync.sh /tmp/zipdeploy/extracted /home/site/wwwroot 8 /tmp/ False False  " /><!-- duration: 28785ms -->
                <step title="Modified file to trigger a restart of the app container." date="2026-01-14T01:46:26.961" /><!-- duration: 6ms -->
                <step title="Skip function trigger and logicapp sync because function is not enabled." date="2026-01-14T01:46:26.972" /><!-- duration: 8ms -->
                <step title="Purge deployment items" date="2026-01-14T01:46:27.860" >
                  <step title="Remove temp-69b8, Pending, received at 01/14/2026 01:45:45" date="2026-01-14T01:46:27.927" /><!-- duration: 4ms -->
                </step><!-- duration: 74ms -->
              </step><!-- duration: 30891ms -->
            </step><!-- duration: 31093ms -->
            <step title="Cleaning up temp files" date="2026-01-14T01:46:28.011" /><!-- duration: 4ms -->
            <step title="Cleaning up temp files" date="2026-01-14T01:46:28.019" /><!-- duration: 507ms -->
            <step title="Reloading status file with latest updates" date="2026-01-14T01:46:28.565" >
              <step title="WebHooksManager.PublishEventAsync: PostDeployment" date="2026-01-14T01:46:28.568" /><!-- duration: 28ms -->
            </step><!-- duration: 34ms -->
            <step title="Cleaning up temporary deployment - fetch deployment was successful" date="2026-01-14T01:46:28.605" /><!-- duration: 3ms -->
          </step><!-- duration: 31888ms -->
        </step><!-- duration: 33664ms -->
        <step title="Outgoing response" date="2026-01-14T01:46:28.686" type="response" statusCode="200" statusText="OK" /><!-- duration: 3ms -->
      </step><!-- duration: 33688ms -->
