<step title="Incoming Request" date="2026-01-14T01:05:24.870" instance="57cd1b" url="/api/publish?type=zip" method="POST" type="request" pid="772,1,17" Accept="*/*" Host="pec83.scm.azurewebsites.net" User-Agent="AZURECLI/2.81.0 (DEB)" Accept-Encoding="gzip, deflate" Authorization="Bas..." Cache-Control="no-cache" Content-Type="application/octet-stream" Cookie="ARRAffinity=57cd1b9bb672ec20a6552173796364458f0573917736609f30f0dcf32f0463a8; ARRAffinitySameSite=57cd1b9bb672ec20a6552173796364458f0573917736609f30f0dcf32f0463a8" Content-Length="7870699" x-ms-client-request-id="1329a92e-f0e5-11f0-b4ff-7c1e5242465f" x-ms-artifact-checksum="794946f0780ce694348d18100bb1b5fec5a561d6491af71a9f16333622b67572" X-ARR-LOG-ID="1329a92e-f0e5-11f0-b4ff-7c1e5242465f" CLIENT-IP="40.116.93.48:52161" X-SITE-DEPLOYMENT-ID="PEC83" WAS-DEFAULT-HOSTNAME="pec83.scm.azurewebsites.net" X-Forwarded-Proto="https" X-AppService-Proto="https" X-Forwarded-TlsVersion="1.3" X-WAWS-Unencoded-URL="/api/publish?type=zip" X-Client-IP="40.116.93.48" X-Client-Port="52161" >
  <step title="OneDeploy" date="2026-01-14T01:05:25.017" >
    <step title="None repository commit" date="2026-01-14T01:05:25.041" >
      <step title="Commit id: 9b54d6d6-0881-4436-90a4-3a6ad3d12c6c" date="2026-01-14T01:05:25.051" Message="N/A" AuthorName="N/A" AuthorEmail="N/A" /><!-- duration: 9ms -->
    </step><!-- duration: 22ms -->
    <step title="Starting PushDeployAsync" date="2026-01-14T01:05:25.067" /><!-- duration: 4ms -->
    <step title="Writing artifact to /tmp/zipdeploy/d58ba294-dfbd-4bcb-8230-ef1cb829a624.zip" date="2026-01-14T01:05:25.179" >
      <step title="Writing multipart request body to /tmp/zipdeploy/d58ba294-dfbd-4bcb-8230-ef1cb829a624.zip" date="2026-01-14T01:05:25.239" /><!-- duration: 10ms -->
    </step><!-- duration: 1167ms -->
    <step title="Attempting to fetch target branch HEAD" date="2026-01-14T01:05:26.365" /><!-- duration: 5ms -->
    <step title="Acquiring Deployment Lock" date="2026-01-14T01:05:26.375" /><!-- duration: 10ms -->
    <step title="Acquired Deployment Lock" date="2026-01-14T01:05:26.430" /><!-- duration: 3ms -->
    <step title="Performing fetch based deployment" date="2026-01-14T01:05:26.441" >
      <step title="Creating temporary deployment" date="2026-01-14T01:05:26.445" /><!-- duration: 53ms -->
      <step title="Releasing Deployment Lock" date="2026-01-14T01:05:27.806" /><!-- duration: 5ms -->
      <step title="Cleaning up temp folders from previous zip deployments and extracting pushed zip file /tmp/zipdeploy/d58ba294-dfbd-4bcb-8230-ef1cb829a624.zip (7.51 MB) to /tmp/zipdeploy/extracted" date="2026-01-14T01:05:27.855" >
        <step title="ChmodRecursive Process exited with total time taken in ms: 289" date="2026-01-14T01:05:35.607" /><!-- duration: 8ms -->
      </step><!-- duration: 7774ms -->
      <step title="None repository commit" date="2026-01-14T01:05:35.645" >
        <step title="Commit id: 9b54d6d6-0881-4436-90a4-3a6ad3d12c6c" date="2026-01-14T01:05:35.648" Message="OneDeploy" AuthorName="N/A" AuthorEmail="N/A" /><!-- duration: 3ms -->
      </step><!-- duration: 10ms -->
      <step title="Deployment timer started" date="2026-01-14T01:05:37.686" >
        <step title="DeploymentManager.Deploy(id:9b54d6d6-0881-4436-90a4-3a6ad3d12c6c)" date="2026-01-14T01:05:37.715" >
          <step title="Collecting changeset information" date="2026-01-14T01:05:37.747" /><!-- duration: 91ms -->
          <step title="Updating submodules" date="2026-01-14T01:05:37.867" /><!-- duration: 1104ms -->
          <step title="Determining deployment builder" date="2026-01-14T01:05:39.207" >
            <step title="Builder is OneDeployBuilder" date="2026-01-14T01:05:39.223" /><!-- duration: 3ms -->
          </step><!-- duration: 25ms -->
          <step title="PreDeployment: context.CleanOutputPath False" date="2026-01-14T01:05:39.289" >
            <step title="PreDeployment: context.OutputPath /home/site/wwwroot" date="2026-01-14T01:05:39.410" >
              <step title="Building" date="2026-01-14T01:05:39.551" >
                <step title="Executing external process" date="2026-01-14T01:05:40.147" type="process" path="starter.sh" arguments="/opt/Kudu/Scripts/parallel_rsync.sh /tmp/zipdeploy/extracted /home/site/wwwroot 8 /tmp/ False False  " >
                  <step title="Cpu: rsync(988,0.290s)+rsync(974,0.110s)+rsync(964,0.340s)+bash(960,0.000s)+rsync(987,0.190s)+rsync(979,0.090s)+rsync(965,0.310s)+bash(961,0.000s)+rsync(989,0.200s)+rsync(973,0.140s)+rsync(967,0.340s)+bash(962,0.020s)+rsync(990,0.230s)+rsync(975,0.160s)+rsync(971,0.300s)+bash(963,0.010s)+rsync(986,0.230s)+rsync(980,0.090s)+rsync(978,0.270s)+bash(966,0.000s)+rsync(991,0.180s)+rsync(976,0.090s)+rsync(972,0.320s)+bash(968,0.000s)+rsync(993,0.250s)+rsync(984,0.140s)+rsync(981,0.390s)+bash(970,0.000s)+rsync(992,0.220s)+rsync(985,0.170s)+rsync(982,0.360s)+bash(977,0.000s)+xargs(959,0.020s)+parallel_rsync.sh(951,0.010s)=total(5.470s)" date="2026-01-14T01:06:43.456" /><!-- duration: 19ms -->
                  <step title="starter.sh: no io activity for 61s, prev-cpu=-1.000s, current-cpu=5.470s" date="2026-01-14T01:06:43.484" /><!-- duration: 21ms -->
                </step><!-- duration: 102786ms -->
                <step title="Modified file to trigger a restart of the app container." date="2026-01-14T01:07:23.953" /><!-- duration: 17ms -->
                <step title="Skip function trigger and logicapp sync because function is not enabled." date="2026-01-14T01:07:24.031" /><!-- duration: 18ms -->
                <step title="Purge deployment items" date="2026-01-14T01:07:25.594" >
                  <step title="Remove temp-eef0, Pending, received at 01/14/2026 01:05:26" date="2026-01-14T01:07:25.724" /><!-- duration: 11ms -->
                  <step title="Remove temp-3aeb, Failed, received at 01/14/2026 00:56:50" date="2026-01-14T01:07:25.874" /><!-- duration: 12ms -->
                  <step title="Remove 605f3bcf-, Failed, received at 01/14/2026 00:35:43" date="2026-01-14T01:07:26.004" /><!-- duration: 3ms -->
                  <step title="Remove temp-b715, Failed, received at 01/14/2026 00:35:24" date="2026-01-14T01:07:26.083" /><!-- duration: 4ms -->
                </step><!-- duration: 497ms -->
              </step><!-- duration: 106609ms -->
            </step><!-- duration: 106759ms -->
            <step title="Cleaning up temp files" date="2026-01-14T01:07:26.173" /><!-- duration: 5ms -->
            <step title="Cleaning up temp files" date="2026-01-14T01:07:26.184" /><!-- duration: 517ms -->
            <step title="Reloading status file with latest updates" date="2026-01-14T01:07:26.751" >
              <step title="WebHooksManager.PublishEventAsync: PostDeployment" date="2026-01-14T01:07:26.756" /><!-- duration: 91ms -->
            </step><!-- duration: 100ms -->
            <step title="Cleaning up temporary deployment - fetch deployment was successful" date="2026-01-14T01:07:26.858" /><!-- duration: 3ms -->
          </step><!-- duration: 107637ms -->
        </step><!-- duration: 109257ms -->
        <step title="Outgoing response" date="2026-01-14T01:07:26.994" type="response" statusCode="200" statusText="OK" /><!-- duration: 3ms -->
      </step><!-- duration: 109314ms -->
