<step title="Incoming Request" date="2026-01-12T00:01:18.829" instance="aa3938" url="/api/sshkey?ensurePublicKey=True" method="GET" type="request" pid="771,1,23" Host="pec83.scm.azurewebsites.net" User-Agent="Azure-WebSites-Controller/106.0.7.121" Authorization="Bas..." x-ms-request-id="49bcf500-1346-40b7-9e81-5014d095c940" X-ARR-LOG-ID="49bcf500-1346-40b7-9e81-5014d095c940" CLIENT-IP="20.206.176.11:18436" X-SITE-DEPLOYMENT-ID="PEC83" WAS-DEFAULT-HOSTNAME="pec83.scm.azurewebsites.net" X-MS-PLATFORM-INTERNAL="True" X-Forwarded-Proto="https" X-AppService-Proto="https" X-Forwarded-TlsVersion="1.3" X-WAWS-Unencoded-URL="/api/sshkey?ensurePublicKey=True" X-Client-IP="20.206.176.11" X-Client-Port="18436" >
  <step title="Cleanup Xml Logs" date="2026-01-12T00:01:18.832" /><!-- duration: 9ms -->
  <step title="SSHKeyController.GetPublicKey" date="2026-01-12T00:01:18.926" >
    <step title="SSHKeyManager.GetKey" date="2026-01-12T00:01:18.979" >
      <step title="Creating key pair." date="2026-01-12T00:01:18.983" /><!-- duration: 3ms -->
      <step title="SSHKeyManager.CreateKey" date="2026-01-12T00:01:18.993" /><!-- duration: 410ms -->
    </step><!-- duration: 433ms -->
  </step><!-- duration: 491ms -->
  <step title="Outgoing response" date="2026-01-12T00:01:19.495" type="response" statusCode="200" statusText="OK" /><!-- duration: 4ms -->
</step><!-- duration: 678ms -->
