<step title="Incoming Request" date="2026-01-14T02:45:26.043" instance="57cd1b" url="/api/publish?type=zip" method="POST" type="request" pid="772,1,3" Accept="*/*" Host="pec83.scm.azurewebsites.net" User-Agent="AZURECLI/2.81.0 (DEB)" Accept-Encoding="gzip, deflate" Authorization="Bas..." Cache-Control="no-cache" Content-Type="application/octet-stream" Cookie="ARRAffinity=57cd1b9bb672ec20a6552173796364458f0573917736609f30f0dcf32f0463a8; ARRAffinitySameSite=57cd1b9bb672ec20a6552173796364458f0573917736609f30f0dcf32f0463a8" Content-Length="12307275" x-ms-client-request-id="0985cbec-f0f3-11f0-b4ff-6045bd47da77" x-ms-artifact-checksum="7c7c9ecc651c4361ee62f50df1eebb76035f415a5d9dfebe23c0ca69e634aeca" X-ARR-LOG-ID="0985cbec-f0f3-11f0-b4ff-6045bd47da77" CLIENT-IP="172.183.135.146:33809" X-SITE-DEPLOYMENT-ID="PEC83" WAS-DEFAULT-HOSTNAME="pec83.scm.azurewebsites.net" X-Forwarded-Proto="https" X-AppService-Proto="https" X-Forwarded-TlsVersion="1.3" X-WAWS-Unencoded-URL="/api/publish?type=zip" X-Client-IP="172.183.135.146" X-Client-Port="33809" >
  <step title="Cleanup Xml Logs" date="2026-01-14T02:45:26.046" /><!-- duration: 17ms -->
  <step title="OneDeploy" date="2026-01-14T02:45:26.234" >
    <step title="None repository commit" date="2026-01-14T02:45:26.265" >
      <step title="Commit id: c63d0836-b416-42e4-a91e-78928caddc6d" date="2026-01-14T02:45:26.277" Message="N/A" AuthorName="N/A" AuthorEmail="N/A" /><!-- duration: 7ms -->
    </step><!-- duration: 21ms -->
    <step title="Starting PushDeployAsync" date="2026-01-14T02:45:26.295" /><!-- duration: 9ms -->
    <step title="Writing artifact to /tmp/zipdeploy/dc82d154-dda9-49d1-8dd1-05db2167dbf4.zip" date="2026-01-14T02:45:26.363" >
      <step title="Writing multipart request body to /tmp/zipdeploy/dc82d154-dda9-49d1-8dd1-05db2167dbf4.zip" date="2026-01-14T02:45:26.373" /><!-- duration: 10ms -->
    </step><!-- duration: 1598ms -->
    <step title="Attempting to fetch target branch HEAD" date="2026-01-14T02:45:28.010" /><!-- duration: 3ms -->
    <step title="Acquiring Deployment Lock" date="2026-01-14T02:45:28.029" /><!-- duration: 10ms -->
    <step title="Acquired Deployment Lock" date="2026-01-14T02:45:28.100" /><!-- duration: 6ms -->
    <step title="Performing fetch based deployment" date="2026-01-14T02:45:28.132" >
      <step title="Creating temporary deployment" date="2026-01-14T02:45:28.149" /><!-- duration: 106ms -->
      <step title="Releasing Deployment Lock" date="2026-01-14T02:45:29.716" /><!-- duration: 10ms -->
      <step title="Cleaning up temp folders from previous zip deployments and extracting pushed zip file /tmp/zipdeploy/dc82d154-dda9-49d1-8dd1-05db2167dbf4.zip (11.74 MB) to /tmp/zipdeploy/extracted" date="2026-01-14T02:45:29.847" >
        <step title="ChmodRecursive Process exited with total time taken in ms: 369" date="2026-01-14T02:45:39.289" /><!-- duration: 13ms -->
      </step><!-- duration: 9481ms -->
      <step title="None repository commit" date="2026-01-14T02:45:39.332" >
        <step title="Commit id: c63d0836-b416-42e4-a91e-78928caddc6d" date="2026-01-14T02:45:39.360" Message="OneDeploy" AuthorName="N/A" AuthorEmail="N/A" /><!-- duration: 3ms -->
      </step><!-- duration: 33ms -->
      <step title="Deployment timer started" date="2026-01-14T02:45:41.401" >
        <step title="DeploymentManager.Deploy(id:c63d0836-b416-42e4-a91e-78928caddc6d)" date="2026-01-14T02:45:41.420" >
          <step title="Collecting changeset information" date="2026-01-14T02:45:41.449" /><!-- duration: 111ms -->
          <step title="Updating submodules" date="2026-01-14T02:45:41.572" /><!-- duration: 1343ms -->
          <step title="Determining deployment builder" date="2026-01-14T02:45:43.165" >
            <step title="Builder is OneDeployBuilder" date="2026-01-14T02:45:43.198" /><!-- duration: 7ms -->
          </step><!-- duration: 49ms -->
          <step title="PreDeployment: context.CleanOutputPath False" date="2026-01-14T02:45:43.268" >
            <step title="PreDeployment: context.OutputPath /home/site/wwwroot" date="2026-01-14T02:45:43.518" >
              <step title="Building" date="2026-01-14T02:45:43.707" >
                <step title="Executing external process" date="2026-01-14T02:45:44.474" type="process" path="starter.sh" arguments="/opt/Kudu/Scripts/parallel_rsync.sh /tmp/zipdeploy/extracted /home/site/wwwroot 8 /tmp/ False False  " /><!-- duration: 34735ms -->
                <step title="Modified file to trigger a restart of the app container." date="2026-01-14T02:46:19.785" /><!-- duration: 3ms -->
                <step title="Skip function trigger and logicapp sync because function is not enabled." date="2026-01-14T02:46:19.793" /><!-- duration: 4ms -->
                <step title="Purge deployment items" date="2026-01-14T02:46:20.730" >
                  <step title="Remove temp-460c, Pending, received at 01/14/2026 02:45:28" date="2026-01-14T02:46:20.788" /><!-- duration: 3ms -->
                  <step title="Remove temp-1be3, Failed, received at 01/14/2026 02:40:48" date="2026-01-14T02:46:20.846" /><!-- duration: 3ms -->
                  <step title="Remove 49f4ca20-, Failed, received at 01/14/2026 00:57:21" date="2026-01-14T02:46:20.907" /><!-- duration: 3ms -->
                </step><!-- duration: 183ms -->
              </step><!-- duration: 37279ms -->
            </step><!-- duration: 37481ms -->
            <step title="Cleaning up temp files" date="2026-01-14T02:46:21.005" /><!-- duration: 5ms -->
            <step title="Cleaning up temp files" date="2026-01-14T02:46:21.014" /><!-- duration: 534ms -->
            <step title="Reloading status file with latest updates" date="2026-01-14T02:46:21.598" >
              <step title="WebHooksManager.PublishEventAsync: PostDeployment" date="2026-01-14T02:46:21.602" /><!-- duration: 110ms -->
            </step><!-- duration: 117ms -->
            <step title="Cleaning up temporary deployment - fetch deployment was successful" date="2026-01-14T02:46:21.723" /><!-- duration: 3ms -->
          </step><!-- duration: 38508ms -->
        </step><!-- duration: 40386ms -->
        <step title="Outgoing response" date="2026-01-14T02:46:21.830" type="response" statusCode="200" statusText="OK" /><!-- duration: 6ms -->
      </step><!-- duration: 40438ms -->
