<step title="Incoming Request" date="2026-01-14T00:35:21.663" instance="57cd1b" url="/api/publish?type=zip" method="POST" type="request" pid="772,1,7" Accept="*/*" Host="pec83.scm.azurewebsites.net" User-Agent="AZURECLI/2.81.0 (DEB)" Accept-Encoding="gzip, deflate" Authorization="Bas..." Cache-Control="no-cache" Content-Type="application/octet-stream" Cookie="ARRAffinity=57cd1b9bb672ec20a6552173796364458f0573917736609f30f0dcf32f0463a8; ARRAffinitySameSite=57cd1b9bb672ec20a6552173796364458f0573917736609f30f0dcf32f0463a8" Content-Length="7870671" x-ms-client-request-id="e26fa9ea-f0e0-11f0-b4ff-7c1e52c5c758" x-ms-artifact-checksum="d4f1ca0d01eaa34297195d21c5b03595c14001381083200f0006dbb4083f2e77" X-ARR-LOG-ID="e26fa9ea-f0e0-11f0-b4ff-7c1e52c5c758" CLIENT-IP="68.154.38.16:50177" X-SITE-DEPLOYMENT-ID="PEC83" WAS-DEFAULT-HOSTNAME="pec83.scm.azurewebsites.net" X-Forwarded-Proto="https" X-AppService-Proto="https" X-Forwarded-TlsVersion="1.3" X-WAWS-Unencoded-URL="/api/publish?type=zip" X-Client-IP="68.154.38.16" X-Client-Port="50177" >
  <step title="OneDeploy" date="2026-01-14T00:35:22.032" >
    <step title="None repository commit" date="2026-01-14T00:35:22.111" >
      <step title="Commit id: 605f3bcf-6a53-4ead-b91a-546ea1404681" date="2026-01-14T00:35:22.152" Message="N/A" AuthorName="N/A" AuthorEmail="N/A" /><!-- duration: 58ms -->
    </step><!-- duration: 119ms -->
    <step title="Starting PushDeployAsync" date="2026-01-14T00:35:22.250" /><!-- duration: 11ms -->
    <step title="Writing artifact to /tmp/zipdeploy/f51ba7ce-4259-431f-a1af-7b3a5d08cfa2.zip" date="2026-01-14T00:35:22.371" >
      <step title="Writing multipart request body to /tmp/zipdeploy/f51ba7ce-4259-431f-a1af-7b3a5d08cfa2.zip" date="2026-01-14T00:35:22.390" /><!-- duration: 60ms -->
    </step><!-- duration: 1703ms -->
    <step title="Attempting to fetch target branch HEAD" date="2026-01-14T00:35:24.224" /><!-- duration: 29ms -->
    <step title="Acquiring Deployment Lock" date="2026-01-14T00:35:24.274" /><!-- duration: 19ms -->
    <step title="Acquired Deployment Lock" date="2026-01-14T00:35:24.603" /><!-- duration: 21ms -->
    <step title="Performing fetch based deployment" date="2026-01-14T00:35:24.753" >
      <step title="Creating temporary deployment" date="2026-01-14T00:35:24.839" /><!-- duration: 278ms -->
      <step title="Releasing Deployment Lock" date="2026-01-14T00:35:26.729" /><!-- duration: 12ms -->
      <step title="Cleaning up temp folders from previous zip deployments and extracting pushed zip file /tmp/zipdeploy/f51ba7ce-4259-431f-a1af-7b3a5d08cfa2.zip (7.51 MB) to /tmp/zipdeploy/extracted" date="2026-01-14T00:35:26.892" >
        <step title="ChmodRecursive Process exited with total time taken in ms: 539" date="2026-01-14T00:35:41.286" /><!-- duration: 38ms -->
      </step><!-- duration: 14444ms -->
      <step title="None repository commit" date="2026-01-14T00:35:41.356" >
        <step title="Commit id: 605f3bcf-6a53-4ead-b91a-546ea1404681" date="2026-01-14T00:35:41.365" Message="OneDeploy" AuthorName="N/A" AuthorEmail="N/A" /><!-- duration: 30ms -->
      </step><!-- duration: 62ms -->
      <step title="Deployment timer started" date="2026-01-14T00:35:43.596" >
        <step title="DeploymentManager.Deploy(id:605f3bcf-6a53-4ead-b91a-546ea1404681)" date="2026-01-14T00:35:43.627" >
          <step title="Collecting changeset information" date="2026-01-14T00:35:43.776" /><!-- duration: 201ms -->
          <step title="Updating submodules" date="2026-01-14T00:35:44.026" /><!-- duration: 1847ms -->
          <step title="Determining deployment builder" date="2026-01-14T00:35:46.856" >
            <step title="Builder is OneDeployBuilder" date="2026-01-14T00:35:47.272" /><!-- duration: 23ms -->
          </step><!-- duration: 469ms -->
          <step title="PreDeployment: context.CleanOutputPath False" date="2026-01-14T00:35:47.824" >
            <step title="PreDeployment: context.OutputPath /home/site/wwwroot" date="2026-01-14T00:35:48.701" >
              <step title="Building" date="2026-01-14T00:35:50.224" >
                <step title="Executing external process" date="2026-01-14T00:35:53.425" type="process" path="starter.sh" arguments="/opt/Kudu/Scripts/parallel_rsync.sh /tmp/zipdeploy/extracted /home/site/wwwroot 8 /tmp/ False False  " 