<step title="Incoming Request" date="2026-01-11T02:49:29.780" instance="aa3938" url="/api/zipdeploy?isAsync=true" method="POST" type="request" pid="772,1,5" Accept="*/*" Host="PEC83.scm.azurewebsites.net" User-Agent="curl/8.5.0" Authorization="Bas..." Expect="100-continue" Content-Length="7948642" X-ARR-LOG-ID="3f0e4859-d471-4a6f-8278-e68801ef1e65" CLIENT-IP="20.102.223.194:29714" X-SITE-DEPLOYMENT-ID="PEC83" WAS-DEFAULT-HOSTNAME="pec83.scm.azurewebsites.net" X-Forwarded-Proto="https" X-AppService-Proto="https" X-Forwarded-TlsVersion="1.3" X-WAWS-Unencoded-URL="/api/zipdeploy?isAsync=true" X-Client-IP="20.102.223.194" X-Client-Port="29714" >
  <step title="Cleanup Xml Logs" date="2026-01-11T02:49:29.782" /><!-- duration: 15ms -->
  <step title="ZipPushDeploy" date="2026-01-11T02:49:30.102" >
    <step title="ZipDeploy. Extract zip." date="2026-01-11T02:49:30.114" /><!-- duration: 3ms -->
    <step title="None repository commit" date="2026-01-11T02:49:30.124" >
      <step title="Commit id: 9534d804-f3a7-4e76-bcbb-83f19981fd8f" date="2026-01-11T02:49:30.134" Message="N/A" AuthorName="N/A" AuthorEmail="N/A" /><!-- duration: 18ms -->
    </step><!-- duration: 57ms -->
    <step title="Starting PushDeployAsync" date="2026-01-11T02:49:30.191" /><!-- duration: 18ms -->
    <step title="Writing artifact to /tmp/zipdeploy/42cf28d2-4c5b-4b70-b5f4-995a159b12fb.zip" date="2026-01-11T02:49:30.251" >
      <step title="Writing multipart request body to /tmp/zipdeploy/42cf28d2-4c5b-4b70-b5f4-995a159b12fb.zip" date="2026-01-11T02:49:30.267" /><!-- duration: 12ms -->
    </step><!-- duration: 1828ms -->
    <step title="Start deployment in the background" date="2026-01-11T02:49:32.179" >
      <step title="Acquiring Deployment Lock" date="2026-01-11T02:49:32.240" /><!-- duration: 3ms -->
      <step title="Acquired Deployment Lock" date="2026-01-11T02:49:32.349" /><!-- duration: 3ms -->
    </step><!-- duration: 1160ms -->
  </step><!-- duration: 3249ms -->
  <step title="Outgoing response" date="2026-01-11T02:49:33.371" type="response" statusCode="202" statusText="Accepted" /><!-- duration: 28ms -->
</step><!-- duration: 3629ms -->
