<step title="Incoming Request" date="2026-01-18T11:18:40.573" instance="57cd1b" url="/api/publish?type=zip" method="POST" type="request" pid="772,1,77" Accept="*/*" Host="pec83.scm.azurewebsites.net" User-Agent="AZURECLI/2.81.0 (DEB)" Accept-Encoding="gzip, deflate" Authorization="Bas..." Cache-Control="no-cache" Content-Type="application/octet-stream" Cookie="ARRAffinity=57cd1b9bb672ec20a6552173796364458f0573917736609f30f0dcf32f0463a8; ARRAffinitySameSite=57cd1b9bb672ec20a6552173796364458f0573917736609f30f0dcf32f0463a8" Content-Length="12316674" x-ms-client-request-id="67694512-f45f-11f0-b2c9-7c1e52a444e2" x-ms-artifact-checksum="54a5dc66e709b62819ae78122aaad8758e8d5d44fafd782c77af0de37a68cc34" X-ARR-LOG-ID="67694512-f45f-11f0-b2c9-7c1e52a444e2" CLIENT-IP="135.119.239.130:58369" X-SITE-DEPLOYMENT-ID="PEC83" WAS-DEFAULT-HOSTNAME="pec83.scm.azurewebsites.net" X-Forwarded-Proto="https" X-AppService-Proto="https" X-Forwarded-TlsVersion="1.3" X-WAWS-Unencoded-URL="/api/publish?type=zip" X-Client-IP="135.119.239.130" X-Client-Port="58369" >
  <step title="OneDeploy" date="2026-01-18T11:18:40.693" >
    <step title="Starting PushDeployAsync" date="2026-01-18T11:18:40.720" /><!-- duration: 3ms -->
    <step title="Writing artifact to /tmp/zipdeploy/656ce02a-cc89-41af-a77f-ae068d94cb3b.zip" date="2026-01-18T11:18:40.749" >
      <step title="Writing multipart request body to /tmp/zipdeploy/656ce02a-cc89-41af-a77f-ae068d94cb3b.zip" date="2026-01-18T11:18:40.780" /><!-- duration: 10ms -->
    </step><!-- duration: 1148ms -->
    <step title="Attempting to fetch target branch HEAD" date="2026-01-18T11:18:41.907" /><!-- duration: 2ms -->
    <step title="Acquiring Deployment Lock" date="2026-01-18T11:18:41.925" /><!-- duration: 4ms -->
    <step title="Acquired Deployment Lock" date="2026-01-18T11:18:41.953" /><!-- duration: 6ms -->
    <step title="Performing fetch based deployment" date="2026-01-18T11:18:41.971" >
      <step title="Creating temporary deployment" date="2026-01-18T11:18:41.996" /><!-- duration: 96ms -->
      <step title="Releasing Deployment Lock" date="2026-01-18T11:18:43.265" /><!-- duration: 4ms -->
      <step title="Cleaning up temp folders from previous zip deployments and extracting pushed zip file /tmp/zipdeploy/656ce02a-cc89-41af-a77f-ae068d94cb3b.zip (11.75 MB) to /tmp/zipdeploy/extracted" date="2026-01-18T11:18:43.321" >
        <step title="ChmodRecursive Process exited with total time taken in ms: 418" date="2026-01-18T11:18:49.799" /><!-- duration: 17ms -->
      </step><!-- duration: 6571ms -->
      <step title="None repository commit" date="2026-01-18T11:18:49.901" >
        <step title="Commit id: 9cbd2c2d-c2b3-48a3-b375-74bdc1f16232" date="2026-01-18T11:18:49.903" Message="OneDeploy" AuthorName="N/A" AuthorEmail="N/A" /><!-- duration: 27ms -->
      </step><!-- duration: 31ms -->
      <step title="Deployment timer started" date="2026-01-18T11:18:51.936" >
        <step title="DeploymentManager.Deploy(id:9cbd2c2d-c2b3-48a3-b375-74bdc1f16232)" date="2026-01-18T11:18:51.940" >
          <step title="Collecting changeset information" date="2026-01-18T11:18:51.981" /><!-- duration: 84ms -->
          <step title="Updating submodules" date="2026-01-18T11:18:52.067" /><!-- duration: 1119ms -->
          <step title="Determining deployment builder" date="2026-01-18T11:18:53.387" >
            <step title="Builder is OneDeployBuilder" date="2026-01-18T11:18:53.393" /><!-- duration: 2ms -->
          </step><!-- duration: 11ms -->
          <step title="PreDeployment: context.CleanOutputPath False" date="2026-01-18T11:18:53.446" >
            <step title="PreDeployment: context.OutputPath /home/site/wwwroot" date="2026-01-18T11:18:53.551" >
              <step title="Building" date="2026-01-18T11:18:53.704" >
                <step title="Executing external process" date="2026-01-18T11:18:54.170" type="process" path="starter.sh" arguments="/opt/Kudu/Scripts/parallel_rsync.sh /tmp/zipdeploy/extracted /home/site/wwwroot 8 /tmp/ False False  " /><!-- duration: 24972ms -->
                <step title="Modified file to trigger a restart of the app container." date="2026-01-18T11:19:19.498" /><!-- duration: 2ms -->
                <step title="Skip function trigger and logicapp sync because function is not enabled." date="2026-01-18T11:19:19.503" /><!-- duration: 2ms -->
              </step><!-- duration: 26783ms -->
            </step><!-- duration: 26976ms -->
            <step title="Cleaning up temp files" date="2026-01-18T11:19:20.535" /><!-- duration: 10ms -->
            <step title="Cleaning up temp files" date="2026-01-18T11:19:20.557" /><!-- duration: 532ms -->
            <step title="Reloading status file with latest updates" date="2026-01-18T11:19:21.135" >
              <step title="WebHooksManager.PublishEventAsync: PostDeployment" date="2026-01-18T11:19:21.139" /><!-- duration: 32ms -->
            </step><!-- duration: 38ms -->
            <step title="Cleaning up temporary deployment - fetch deployment was successful" date="2026-01-18T11:19:21.178" /><!-- duration: 3ms -->
          </step><!-- duration: 27789ms -->
        </step><!-- duration: 29310ms -->
        <step title="Outgoing response" date="2026-01-18T11:19:21.274" type="response" statusCode="200" statusText="OK" /><!-- duration: 2ms -->
      </step><!-- duration: 29345ms -->
