<step title="BackgroundTrace" date="2026-01-11T02:34:52.843" instance="aa3938" url="/api/zipdeploy" method="POST" >
  <step title="Creating temporary deployment - FetchDeploymentManager" date="2026-01-11T02:34:52.949" /><!-- duration: 11ms -->
  <step title="Creating temporary deployment" date="2026-01-11T02:34:52.968" /><!-- duration: 92ms -->
  <step title="Performing fetch based deployment" date="2026-01-11T02:34:53.122" >
    <step title="Cleaning up temp folders from previous zip deployments and extracting pushed zip file /tmp/zipdeploy/8ca9245f-582c-4b4f-98d6-2cec358d4f28.zip (7.58 MB) to /tmp/zipdeploy/extracted" date="2026-01-11T02:34:54.486" >
      <step title="ChmodRecursive Process exited with total time taken in ms: 275" date="2026-01-11T02:34:59.590" /><!-- duration: 15ms -->
    </step><!-- duration: 5125ms -->
    <step title="Deployment timer started" date="2026-01-11T02:35:01.626" >
      <step title="DeploymentManager.Deploy(id:49ef2d52-8189-45e1-8c67-a39da850f0f3)" date="2026-01-11T02:35:01.658" >
        <step title="Collecting changeset information" date="2026-01-11T02:35:01.715" /><!-- duration: 298ms -->
        <step title="Updating submodules" date="2026-01-11T02:35:02.079" /><!-- duration: 2155ms -->
        <step title="Determining deployment builder" date="2026-01-11T02:35:04.612" >
          <step title="Builder is BasicBuilder" date="2026-01-11T02:35:04.628" /><!-- duration: 28ms -->
        </step><!-- duration: 53ms -->
        <step title="PreDeployment: context.CleanOutputPath False" date="2026-01-11T02:35:04.732" >
          <step title="PreDeployment: context.OutputPath /home/site/wwwroot" date="2026-01-11T02:35:04.893" >
            <step title="Building" date="2026-01-11T02:35:05.552" >
              <step title="Executing external process" date="2026-01-11T02:35:06.148" type="process" path="starter.sh" arguments="/opt/Kudu/Scripts/parallel_rsync.sh /tmp/zipdeploy/extracted /home/site/wwwroot 8 /tmp/ False True  " >
                <step title="Cpu: rsync(862,0.230s)+rsync(841,0.160s)+rsync(838,0.470s)+bash(836,0.010s)+rsync(860,0.230s)+rsync(852,0.130s)+rsync(845,0.450s)+bash(837,0.000s)+rsync(867,0.220s)+rsync(850,0.240s)+rsync(843,0.450s)+bash(839,0.000s)+rsync(866,0.240s)+rsync(847,0.210s)+rsync(846,0.440s)+bash(840,0.000s)+rsync(865,0.210s)+rsync(854,0.220s)+rsync(849,0.500s)+bash(842,0.000s)+rsync(864,0.220s)+rsync(857,0.280s)+rsync(851,0.400s)+bash(844,0.010s)+rsync(861,0.220s)+rsync(856,0.200s)+rsync(855,0.270s)+bash(848,0.000s)+rsync(863,0.220s)+rsync(859,0.220s)+rsync(858,0.320s)+bash(853,0.000s)+xargs(835,0.000s)+parallel_rsync.sh(824,0.010s)=total(6.780s)" date="2026-01-11T02:36:11.429" /><!-- duration: 11ms -->
                <step title="starter.sh: no io activity for 60s, prev-cpu=-1.000s, current-cpu=6.780s" date="2026-01-11T02:36:11.451" /><!-- duration: 20ms -->
                <step title="Cpu: rsync(862,0.440s)+rsync(841,0.160s)+rsync(838,0.540s)+bash(836,0.010s)+rsync(860,0.400s)+rsync(852,0.130s)+rsync(845,0.450s)+bash(837,0.000s)+rsync(867,0.420s)+rsync(850,0.240s)+rsync(843,0.520s)+bash(839,0.000s)+rsync(866,0.450s)+rsync(847,0.210s)+rsync(846,0.520s)+bash(840,0.000s)+rsync(865,0.410s)+rsync(854,0.220s)+rsync(849,0.560s)+bash(842,0.000s)+rsync(864,0.420s)+rsync(857,0.280s)+rsync(851,0.470s)+bash(844,0.010s)+rsync(861,0.430s)+rsync(856,0.200s)+rsync(855,0.340s)+bash(848,0.000s)+rsync(863,0.450s)+rsync(859,0.220s)+rsync(858,0.360s)+bash(853,0.000s)+xargs(835,0.000s)+parallel_rsync.sh(824,0.010s)=total(8.870s)" date="2026-01-11T02:37:11.916" /><!-- duration: 52ms -->
                <step title="starter.sh: no io activity for 121s, prev-cpu=6.780s, current-cpu=8.870s" date="2026-01-11T02:37:11.988" /><!-- duration: 39ms -->
              </step><!-- duration: 157619ms -->
              <step title="Triggering recycle (preview mode disabled)." date="2026-01-11T02:37:44.174" /><!-- duration: 5ms -->
              <step title="Modified file to trigger a restart of the app container." date="2026-01-11T02:37:44.221" /><!-- duration: 4ms -->
              <step title="Skip function trigger and logicapp sync because function is not enabled." date="2026-01-11T02:37:44.232" /><!-- duration: 15ms -->
            </step><!-- duration: 159507ms -->
          </step><!-- duration: 160177ms -->
          <step title="Cleaning up temp files" date="2026-01-11T02:37:45.074" /><!-- duration: 13ms -->
          <step title="Cleaning up temp files" date="2026-01-11T02:37:45.092" /><!-- duration: 507ms -->
          <step title="Reloading status file with latest updates" date="2026-01-11T02:37:45.648" >
            <step title="WebHooksManager.PublishEventAsync: PostDeployment" date="2026-01-11T02:37:45.655" /><!-- duration: 105ms -->
          </step><!-- duration: 117ms -->
          <step title="Cleaning up temporary deployment - fetch deployment was successful" date="2026-01-11T02:37:45.774" /><!-- duration: 5ms -->
        </step><!-- duration: 161125ms -->
      </step><!-- duration: 164222ms -->
