<step title="Incoming Request" date="2026-01-14T02:14:05.614" instance="57cd1b" url="/api/publish?type=zip" method="POST" type="request" pid="772,1,28" Accept="*/*" Host="pec83.scm.azurewebsites.net" User-Agent="AZURECLI/2.81.0 (DEB)" Accept-Encoding="gzip, deflate" Authorization="Bas..." Cache-Control="no-cache" Content-Type="application/octet-stream" Cookie="ARRAffinity=57cd1b9bb672ec20a6552173796364458f0573917736609f30f0dcf32f0463a8; ARRAffinitySameSite=57cd1b9bb672ec20a6552173796364458f0573917736609f30f0dcf32f0463a8" Content-Length="12306715" x-ms-client-request-id="a7e235aa-f0ee-11f0-b4ff-000d3a37e5b4" x-ms-artifact-checksum="e91f18238aaad6e9f0a41d3a4a0a538e1cbe3ac1ff63344ccad8cf9c3920050a" X-ARR-LOG-ID="a7e235aa-f0ee-11f0-b4ff-000d3a37e5b4" CLIENT-IP="172.184.210.163:14361" X-SITE-DEPLOYMENT-ID="PEC83" WAS-DEFAULT-HOSTNAME="pec83.scm.azurewebsites.net" X-Forwarded-Proto="https" X-AppService-Proto="https" X-Forwarded-TlsVersion="1.3" X-WAWS-Unencoded-URL="/api/publish?type=zip" X-Client-IP="172.184.210.163" X-Client-Port="14361" >
  <step title="OneDeploy" date="2026-01-14T02:14:05.674" >
    <step title="Starting PushDeployAsync" date="2026-01-14T02:14:05.703" /><!-- duration: 36ms -->
    <step title="Writing artifact to /tmp/zipdeploy/b760fced-d6b4-4b8d-bdae-85c68fedd7f1.zip" date="2026-01-14T02:14:05.748" >
      <step title="Writing multipart request body to /tmp/zipdeploy/b760fced-d6b4-4b8d-bdae-85c68fedd7f1.zip" date="2026-01-14T02:14:05.752" /><!-- duration: 4ms -->
    </step><!-- duration: 1802ms -->
    <step title="Attempting to fetch target branch HEAD" date="2026-01-14T02:14:07.569" /><!-- duration: 3ms -->
    <step title="Acquiring Deployment Lock" date="2026-01-14T02:14:07.575" /><!-- duration: 3ms -->
    <step title="Acquired Deployment Lock" date="2026-01-14T02:14:07.609" /><!-- duration: 4ms -->
    <step title="Performing fetch based deployment" date="2026-01-14T02:14:07.621" >
      <step title="Creating temporary deployment" date="2026-01-14T02:14:07.635" /><!-- duration: 73ms -->
      <step title="Releasing Deployment Lock" date="2026-01-14T02:14:09.039" /><!-- duration: 6ms -->
      <step title="Cleaning up temp folders from previous zip deployments and extracting pushed zip file /tmp/zipdeploy/b760fced-d6b4-4b8d-bdae-85c68fedd7f1.zip (11.74 MB) to /tmp/zipdeploy/extracted" date="2026-01-14T02:14:09.084" >
        <step title="ChmodRecursive Process exited with total time taken in ms: 451" date="2026-01-14T02:14:15.190" /><!-- duration: 3ms -->
      </step><!-- duration: 6115ms -->
      <step title="None repository commit" date="2026-01-14T02:14:15.204" >
        <step title="Commit id: d0579b13-ffcc-4d43-a929-621093261d02" date="2026-01-14T02:14:15.210" Message="OneDeploy" AuthorName="N/A" AuthorEmail="N/A" /><!-- duration: 3ms -->
      </step><!-- duration: 12ms -->
      <step title="Deployment timer started" date="2026-01-14T02:14:17.236" >
        <step title="DeploymentManager.Deploy(id:d0579b13-ffcc-4d43-a929-621093261d02)" date="2026-01-14T02:14:17.248" >
          <step title="Collecting changeset information" date="2026-01-14T02:14:17.316" /><!-- duration: 98ms -->
          <step title="Updating submodules" date="2026-01-14T02:14:17.424" /><!-- duration: 1153ms -->
          <step title="Determining deployment builder" date="2026-01-14T02:14:18.826" >
            <step title="Builder is OneDeployBuilder" date="2026-01-14T02:14:18.841" /><!-- duration: 3ms -->
          </step><!-- duration: 21ms -->
          <step title="PreDeployment: context.CleanOutputPath False" date="2026-01-14T02:14:18.906" >
            <step title="PreDeployment: context.OutputPath /home/site/wwwroot" date="2026-01-14T02:14:19.089" >
              <step title="Building" date="2026-01-14T02:14:19.274" >
                <step title="Executing external process" date="2026-01-14T02:14:19.844" type="process" path="starter.sh" arguments="/opt/Kudu/Scripts/parallel_rsync.sh /tmp/zipdeploy/extracted /home/site/wwwroot 8 /tmp/ False False  " /><!-- duration: 26164ms -->
                <step title="Modified file to trigger a restart of the app container." date="2026-01-14T02:14:46.500" /><!-- duration: 8ms -->
                <step title="Skip function trigger and logicapp sync because function is not enabled." date="2026-01-14T02:14:46.520" /><!-- duration: 36ms -->
                <step title="Purge deployment items" date="2026-01-14T02:14:47.368" >
                  <step title="Remove temp-c31e, Pending, received at 01/14/2026 02:14:07" date="2026-01-14T02:14:47.431" /><!-- duration: 3ms -->
                </step><!-- duration: 71ms -->
              </step><!-- duration: 28254ms -->
            </step><!-- duration: 28445ms -->
            <step title="Cleaning up temp files" date="2026-01-14T02:14:47.539" /><!-- duration: 4ms -->
            <step title="Cleaning up temp files" date="2026-01-14T02:14:47.548" /><!-- duration: 509ms -->
            <step title="Reloading status file with latest updates" date="2026-01-14T02:14:48.082" >
              <step title="WebHooksManager.PublishEventAsync: PostDeployment" date="2026-01-14T02:14:48.087" /><!-- duration: 28ms -->
            </step><!-- duration: 35ms -->
            <step title="Cleaning up temporary deployment - fetch deployment was successful" date="2026-01-14T02:14:48.123" /><!-- duration: 3ms -->
          </step><!-- duration: 29283ms -->
        </step><!-- duration: 30947ms -->
        <step title="Outgoing response" date="2026-01-14T02:14:48.199" type="response" statusCode="200" statusText="OK" /><!-- duration: 3ms -->
      </step><!-- duration: 30975ms -->
