﻿<?xml version="1.0" encoding="utf-8"?>
<deployment>
  <id>bf2c7e49-af00-424a-af7b-d3f35de6a6b3</id>
  <author>N/A</author>
  <deployer>OneDeploy</deployer>
  <authorEmail>N/A</authorEmail>
  <message>OneDeploy</message>
  <progress></progress>
  <status>Success</status>
  <statusText></statusText>
  <lastSuccessEndTime>2026-01-17T21:11:46.2775902Z</lastSuccessEndTime>
  <receivedTime>2026-01-17T21:11:15.2940673Z</receivedTime>
  <startTime>2026-01-17T21:11:16.706917Z</startTime>
  <endTime>2026-01-17T21:11:46.2775902Z</endTime>
  <complete>True</complete>
  <is_temp>False</is_temp>
  <is_readonly>True</is_readonly>
  <buildSummary />
</deployment>