﻿<?xml version="1.0" encoding="utf-8"?>
<deployment>
  <id>9b54d6d6-0881-4436-90a4-3a6ad3d12c6c</id>
  <author>N/A</author>
  <deployer>OneDeploy</deployer>
  <authorEmail>N/A</authorEmail>
  <message>OneDeploy</message>
  <progress></progress>
  <status>Success</status>
  <statusText></statusText>
  <lastSuccessEndTime>2026-01-14T01:07:24.7139072Z</lastSuccessEndTime>
  <receivedTime>2026-01-14T01:05:37.776817Z</receivedTime>
  <startTime>2026-01-14T01:05:39.1456581Z</startTime>
  <endTime>2026-01-14T01:07:24.7139072Z</endTime>
  <complete>True</complete>
  <is_temp>False</is_temp>
  <is_readonly>True</is_readonly>
  <buildSummary />
</deployment>