﻿<?xml version="1.0" encoding="utf-8"?>
<deployment>
  <id>c63d0836-b416-42e4-a91e-78928caddc6d</id>
  <author>N/A</author>
  <deployer>OneDeploy</deployer>
  <authorEmail>N/A</authorEmail>
  <message>OneDeploy</message>
  <progress></progress>
  <status>Success</status>
  <statusText></statusText>
  <lastSuccessEndTime>2026-01-14T02:46:20.2312915Z</lastSuccessEndTime>
  <receivedTime>2026-01-14T02:45:41.4889738Z</receivedTime>
  <startTime>2026-01-14T02:45:43.1041697Z</startTime>
  <endTime>2026-01-14T02:46:20.2312915Z</endTime>
  <complete>True</complete>
  <is_temp>False</is_temp>
  <is_readonly>True</is_readonly>
  <buildSummary />
</deployment>